Order,NAME,7/31/2020,8/3/2020,8/5/2020,8/10/2020,8/12/2020,8/17/2020,8/18/2020,8/19/2020,8/24/2020,8/26/2020,8/27/2020,8/31/2020,9/1/2020,9/2/2020,9/3/2020,9/4/2020,9/8/2020,9/9/2020,9/10/2020,9/11/2020,9/14/2020,9/15/2020,9/16/2020,9/17/2020,9/18/2020,9/21/2020,9/22/2020,9/23/2020,9/24/2020,9/25/2020,9/30/2020,10/1/2020,10/5/2020,10/6/2020,10/7/2020,10/9/2020,10/13/2020,10/15/2020,10/16/2020,10/19/2020,10/20/2020,10/22/2020,10/23/2020,10/26/2020,10/27/2020,10/28/2020,10/29/2020,10/30/2020,11/2/2020,11/3/2020,11/4/2020,11/5/2020,11/6/2020,11/9/2020,11/10/2020,11/12/2020,11/13/2020,11/16/2020,11/17/2020,11/18/2020,11/19/2020,11/20/2020,11/23/2020,11/24/2020,11/25/2020,11/30/2020,12/2/2020,12/3/2020,12/4/2020,12/7/2020,12/8/2020,12/9/2020,12/10/2020,12/11/2020,12/14/2020,12/15/2020,12/16/2020,12/17/2020,12/18/2020,12/21/2020,12/22/2020,12/23/2020,12/28/2020,12/29/2020,12/30/2020,12/31/2020,1/4/2021,1/5/2021,1/6/2021,1/7/2021,1/8/2021,1/11/2021,1/12/2021,1/13/2021,1/14/2021,1/15/2021,1/19/2021,1/20/2021,1/21/2021,1/22/2021,1/25/2021,1/26/2021,1/27/2021,1/28/2021,1/29/2021,2/1/2021,2/2/2021,2/3/2021,2/4/2021,2/5/2021,2/8/2021,2/9/2021,2/10/2021,2/11/2021,2/12/2021,2/16/2021,2/17/2021,2/18/2021,2/19/2021,2/22/2021,2/23/2021,2/24/2021,2/25/2021,2/26/2021,3/1/2021,3/2/2021,3/3/2021,3/4/2021,3/5/2021,3/8/2021,3/9/2021,3/10/2021,3/11/2021,3/12/2021,3/15/2021,3/16/2021,3/17/2021,3/18/2021,3/19/2021,3/22/2021,3/23/2021,3/24/2021,3/25/2021,3/26/2021,3/29/2021,3/30/2021,3/31/2021,4/1/2021,4/2/2021,4/5/2021,4/6/2021,4/7/2021,4/8/2021,4/9/2021,4/12/2021,4/13/2021,4/14/2021,4/15/2021,4/16/2021,4/19/2021,4/20/2021,4/21/2021,4/22/2021,4/23/2021,4/26/2021,4/27/2021,4/28/2021,4/29/2021,4/30/2021,5/3/2021,5/4/2021,5/5/2021,5/6/2021,5/7/2021,5/10/2021,5/11/2021,5/12/2021,5/13/2021,5/14/2021,5/17/2021,5/18/2021,5/19/2021,5/20/2021,5/21/2021,5/24/2021,5/25/2021,5/26/2021,5/27/2021,5/28/2021,6/1/2021,6/2/2021,6/3/2021,6/4/2021,6/7/2021,6/8/2021,6/9/2021,6/10/2021,6/11/2021,6/14/2021,6/15/2021,6/16/2021,6/17/2021,6/18/2021,6/21/2021,6/22/2021,6/23/2021,6/24/2021,6/25/2021,6/28/2021,6/29/2021,6/30/2021,7/6/2021,7/8/2021,7/12/2021,7/15/2021,7/19/2021,7/23/2021,7/26/2021,7/29/2021,8/2/2021,8/5/2021,8/9/2021,8/12/2021,8/16/2021,8/19/2021,8/23/2021,8/24/2021,8/25/2021,8/26/2021,8/27/2021
1,Hammond,2,2,2,2,2,2,2,2,2,2,2,2,2,2,2,2,2,2,2,2,2,2,2,2,2,2,2,2,2,2,2,2,2,2,2,2,2,2,2,2,2,2,2,2,2,2,2,3,4,6,8,9,9,9,9,9,9,9,9,9,9,9,10,10,10,10,10,12,13,14,14,14,15,16,16,16,17,18,17,20,20,21,24,24,25,25,26,26,26,26,26,26,26,27,27,27,27,27,27,27,27,27,27,27,27,28,30,31,32,34,35,35,35,36,36,36,36,36,36,36,36,37,37,37,39,40,40,40,40,41,41,42,42,42,42,42,42,42,42,42,42,42,42,42,42,42,42,42,42,42,42,42,42,42,43,44,44,44,45,45,45,45,45,45,45,45,45,45,45,45,45,45,45,46,46,46,46,47,47,47,47,47,47,47,47,47,47,47,47,48,48,48,49,50,50,50,50,50,50,50,50,50,50,50,50,50,50,50,50,50,50,50,50,50,50,50,50,50,50,50,50,50,50,53,54,55,55,56,56,56
2,Morristown,7,7,7,7,7,7,7,7,7,7,7,7,7,7,7,7,7,7,7,7,7,7,8,8,8,8,8,8,8,8,8,8,8,8,8,8,8,8,8,9,9,9,9,9,9,9,9,9,10,10,10,10,11,11,11,11,11,11,11,11,11,11,12,12,12,14,15,17,17,18,18,18,18,19,20,20,24,24,25,27,27,28,32,32,39,40,44,44,45,45,48,48,48,51,54,56,57,57,58,59,61,62,62,62,63,66,66,67,68,68,72,76,76,77,80,80,82,82,82,83,83,84,86,86,86,86,86,87,87,88,88,88,88,88,89,89,89,89,90,90,90,90,90,90,90,90,90,90,90,90,90,90,90,90,90,92,92,92,92,92,92,92,92,92,92,92,92,92,92,92,93,93,93,93,93,93,94,94,94,96,96,97,97,97,100,101,102,102,102,102,103,103,103,103,103,103,103,103,103,103,103,103,103,103,103,103,103,103,103,103,103,104,104,105,105,105,105,105,105,105,106,106,109,111,113,118,118,119,119,119
3,Oswegatchie,20,20,20,20,20,20,20,20,20,20,20,20,20,20,20,20,20,20,20,20,20,20,20,20,20,20,20,20,20,20,20,20,20,20,20,20,20,20,20,20,21,21,21,23,23,24,24,25,25,25,25,25,26,31,33,36,37,38,39,39,40,40,57,59,79,135,147,163,166,181,181,186,216,220,221,225,231,231,234,238,240,244,247,252,253,261,268,270,272,274,276,279,280,286,290,292,296,298,298,303,314,316,328,333,339,346,347,349,351,352,353,353,353,353,354,356,357,359,361,362,362,362,362,364,366,366,367,367,367,367,368,368,368,369,371,371,371,371,371,374,374,374,374,374,374,374,374,374,374,375,375,376,376,377,377,377,377,377,377,377,377,377,377,377,377,377,377,378,379,380,380,380,380,380,381,382,382,382,383,384,384,384,384,386,394,395,395,395,395,397,398,398,398,398,398,398,398,398,398,398,398,398,399,399,399,399,399,399,400,400,400,400,400,400,400,400,400,400,400,400,400,404,409,420,429,439,445,445,449,452
4,Ogdensburg,27,27,27,27,27,27,27,27,27,27,27,28,28,28,28,28,28,28,28,28,28,28,28,28,28,28,28,28,28,29,29,30,30,30,30,30,30,30,30,31,31,31,31,31,31,31,31,31,31,31,31,31,32,35,35,36,37,39,39,41,41,42,47,47,49,73,80,113,118,136,143,145,156,160,169,172,176,180,182,201,201,221,233,240,249,260,279,288,296,306,310,330,330,370,382,406,432,444,449,464,491,494,495,502,505,524,526,527,532,538,545,548,551,554,562,568,569,575,578,589,590,600,624,626,642,656,659,662,671,679,679,681,681,684,688,690,690,690,692,697,698,698,698,699,715,717,718,720,722,726,727,727,727,728,730,730,732,733,734,735,736,737,739,739,739,742,743,745,748,749,750,752,753,753,753,755,757,757,758,758,758,761,763,763,765,768,769,769,770,770,770,770,771,771,772,772,773,773,773,773,773,774,774,775,776,776,776,776,776,777,777,778,778,778,778,779,781,781,782,782,782,784,793,814,832,849,859,864,871,884
5,Lisbon,24,24,24,24,24,24,24,24,24,24,24,24,24,24,24,24,24,24,24,24,24,24,24,24,24,24,24,24,24,24,24,24,24,24,24,24,24,24,24,24,24,24,24,24,24,24,24,25,25,25,25,25,26,27,27,28,28,29,29,29,30,30,32,32,33,38,39,40,43,46,46,46,49,52,59,59,60,60,61,62,65,66,67,70,77,86,114,118,126,130,140,149,149,155,162,169,175,177,178,180,183,185,187,192,196,203,203,203,204,205,209,210,210,210,214,216,225,226,226,226,227,227,227,227,229,229,229,230,230,231,231,233,234,236,236,237,237,237,237,237,238,238,238,238,239,239,239,239,239,240,240,241,241,241,242,242,242,242,242,243,244,244,244,244,244,244,244,244,244,244,245,246,246,246,246,246,246,247,247,248,248,248,248,248,251,251,251,252,252,255,255,255,255,256,256,256,256,256,256,256,257,257,257,257,258,258,258,258,259,259,259,259,259,259,259,259,259,259,259,259,263,263,264,275,282,291,293,296,299,303
6,Waddington,5,5,5,5,5,5,5,5,6,6,6,6,8,9,10,10,10,10,10,10,10,10,10,10,10,10,10,10,10,10,10,10,10,10,10,10,10,10,10,10,10,13,13,13,13,13,13,13,13,13,13,14,14,15,15,18,18,19,19,19,21,23,23,23,23,24,24,24,25,25,25,25,25,25,27,27,27,27,27,29,29,33,35,36,39,39,47,51,51,52,53,55,56,56,60,62,68,69,70,70,76,76,77,78,78,81,81,81,83,83,86,92,93,94,96,99,100,101,103,108,108,108,108,108,110,110,110,110,111,111,112,112,112,112,112,113,113,113,113,113,114,114,114,115,115,115,115,115,116,116,117,118,118,118,121,121,123,124,126,128,128,128,128,128,128,129,129,129,129,130,130,130,130,130,130,131,131,131,131,131,131,131,131,131,132,132,133,133,133,133,133,133,133,133,133,133,133,133,134,134,134,134,134,134,134,134,134,134,135,135,135,135,135,135,135,135,135,136,137,137,137,138,140,144,149,149,149,149,152,154
7,Madrid,11,11,11,11,11,11,11,11,11,11,11,11,11,11,11,11,11,11,11,11,11,11,11,11,11,11,11,11,11,11,11,11,11,11,11,11,11,11,11,11,11,11,11,11,11,11,11,11,11,11,11,11,11,11,11,11,11,11,11,12,12,12,12,12,12,12,12,13,13,13,13,13,15,15,15,15,18,21,21,21,21,21,22,28,29,32,34,34,35,38,42,45,48,51,52,53,67,69,69,71,72,73,74,74,75,75,75,75,75,75,76,77,78,78,80,83,84,84,84,84,84,84,85,85,85,85,85,85,85,89,89,89,90,90,90,90,90,90,90,91,91,91,91,91,91,91,91,91,91,92,92,92,92,92,95,96,96,97,97,98,99,99,99,99,99,99,99,99,99,99,99,99,99,99,99,99,99,100,100,100,100,100,100,100,101,102,102,102,102,102,102,102,102,102,102,102,102,102,102,102,102,102,102,102,102,102,102,102,102,102,102,102,102,103,103,103,103,103,103,103,103,103,104,109,112,117,117,117,117,118
8,Louisville,8,8,8,8,8,8,8,8,8,8,8,9,9,11,11,11,11,11,11,11,11,11,11,11,11,11,11,11,11,11,11,11,11,11,11,11,11,11,11,12,12,12,13,14,14,15,16,17,18,18,18,19,20,24,25,25,26,28,28,29,29,29,30,30,30,31,31,31,31,31,31,31,31,31,31,31,31,31,33,34,34,35,37,37,40,42,49,53,53,55,56,60,61,63,64,65,70,73,74,80,87,88,88,90,91,98,98,98,98,98,101,101,101,103,103,108,111,111,113,115,116,116,117,117,121,122,123,123,124,126,126,127,127,127,128,128,129,129,129,130,130,130,130,130,130,130,130,130,130,130,130,134,134,135,138,140,141,142,144,145,146,146,147,147,149,150,150,152,152,153,155,156,156,156,156,156,156,157,157,157,158,158,158,158,158,158,158,158,158,158,158,158,158,158,158,158,158,158,159,159,159,159,159,159,159,159,159,159,159,159,159,159,159,159,161,161,161,161,162,164,165,165,166,170,171,177,178,178,180,180
9,Norfolk,5,5,5,5,6,6,6,6,6,6,6,7,7,9,9,9,9,9,9,9,9,10,10,10,10,10,10,10,10,10,10,10,10,10,10,11,11,11,11,12,12,12,12,14,14,14,14,14,15,15,15,15,15,19,19,20,20,23,24,25,26,27,28,30,30,34,34,35,35,43,45,45,46,46,46,46,47,47,49,47,50,51,55,55,56,65,75,79,81,84,86,91,92,101,102,106,116,120,120,124,131,132,133,134,137,142,145,145,145,146,148,152,155,156,160,166,168,169,169,173,174,175,175,177,178,178,178,178,178,179,179,179,180,180,181,181,181,181,181,182,182,183,184,185,187,187,188,189,190,190,190,190,191,192,196,196,196,196,197,199,203,204,206,206,207,207,208,208,209,211,212,212,217,217,222,222,225,225,229,231,233,234,234,234,235,235,235,235,235,235,235,235,235,235,235,235,236,236,236,236,236,236,236,236,236,236,236,236,236,236,236,236,236,236,236,236,236,236,236,238,239,242,252,258,263,269,271,274,275,276
10,Massena,38,38,38,38,38,38,38,38,38,39,39,40,40,45,47,50,51,53,54,54,56,56,58,59,59,60,60,62,62,62,62,62,62,62,62,62,62,62,62,65,67,67,68,70,70,70,71,71,78,79,80,82,83,96,96,103,105,114,115,117,118,119,125,126,126,132,136,136,136,139,140,142,145,146,149,151,154,157,160,161,168,176,184,184,191,200,216,223,227,245,251,269,278,289,292,303,331,345,368,374,396,405,408,421,428,452,463,477,484,496,522,532,537,544,549,571,575,586,596,614,619,622,637,640,659,664,670,675,682,694,695,698,698,701,703,703,704,704,705,706,706,707,709,713,715,717,718,720,727,738,746,759,763,763,771,772,779,785,791,799,802,807,814,816,819,819,821,824,831,837,840,843,843,845,858,864,868,870,871,878,879,880,882,882,884,884,884,885,885,887,887,888,888,888,889,889,889,889,890,890,890,891,891,892,892,892,892,892,892,892,892,892,892,892,892,892,895,896,897,899,903,910,921,927,942,948,952,954,960,961
11,Brasher,8,8,8,8,8,8,8,8,8,8,8,8,8,8,8,8,8,8,8,8,8,9,9,9,9,9,9,9,9,9,9,9,9,9,10,10,10,10,10,11,11,12,13,13,13,13,13,14,15,15,15,15,16,17,17,18,18,19,20,21,21,22,22,22,22,25,26,28,29,30,31,32,32,32,34,34,34,35,35,34,34,36,37,37,37,37,40,40,40,40,40,45,47,48,48,54,59,61,63,64,75,76,76,79,80,86,88,88,88,90,92,94,94,94,94,95,95,95,98,99,99,99,100,100,101,101,102,102,102,104,104,104,104,104,105,106,107,107,107,107,107,107,107,107,107,108,109,109,110,110,110,110,111,114,117,117,117,121,121,122,123,126,128,128,133,133,134,134,134,135,136,136,137,139,142,143,144,144,144,146,146,148,148,149,149,149,149,153,154,157,157,157,157,157,157,157,157,157,157,157,157,157,157,157,157,157,157,158,158,158,158,158,158,158,158,158,158,158,158,158,159,161,161,163,164,170,171,176,181,185
12,Stockholm,12,12,12,12,12,12,12,12,12,12,12,12,12,12,12,12,13,13,13,13,13,13,13,13,13,13,13,13,13,13,13,13,13,13,13,13,13,13,13,13,13,13,13,14,14,14,15,15,15,15,15,15,16,16,16,17,18,21,22,23,23,23,23,23,23,24,26,29,29,31,31,32,33,39,42,43,46,48,49,54,58,58,65,69,70,74,79,79,81,86,90,94,94,99,101,107,123,125,139,152,164,174,178,180,183,186,186,186,186,188,190,192,194,195,195,197,198,199,201,201,202,202,206,206,207,208,208,208,210,213,216,216,216,216,216,217,217,217,217,218,218,222,223,224,226,227,227,227,228,229,229,229,229,230,230,232,232,234,240,242,242,242,242,242,243,246,247,250,250,250,250,250,250,250,252,254,255,255,255,256,257,258,258,258,260,260,260,260,260,260,260,260,260,260,260,260,260,260,260,260,260,260,260,260,260,260,260,260,260,260,260,260,260,260,260,260,260,263,266,270,274,286,291,295,300,301,306,307,308,312
13,Potsdam,26,26,26,26,26,26,26,27,28,28,29,30,30,30,31,31,32,33,33,33,34,34,35,37,37,38,39,39,39,39,40,40,43,43,44,44,49,50,50,53,54,55,55,57,57,58,58,58,58,59,60,62,62,64,64,66,67,69,69,74,85,88,94,96,99,113,120,126,127,136,141,144,147,154,163,167,169,175,180,196,197,199,219,223,226,244,257,261,271,282,294,334,345,371,397,418,475,487,503,526,552,561,570,572,593,624,630,633,645,652,673,690,714,727,742,801,831,849,882,887,895,898,910,928,942,944,954,957,959,962,964,964,967,970,973,975,975,975,975,975,977,980,983,989,996,999,1003,1011,1016,1039,1052,1058,1061,1087,1098,1100,1103,1107,1108,1109,1115,1118,1119,1120,1126,1126,1130,1131,1133,1136,1138,1138,1140,1140,1143,1143,1143,1143,1143,1144,1144,1144,1145,1145,1146,1147,1148,1148,1148,1150,1151,1151,1151,1151,1151,1152,1152,1152,1152,1152,1152,1152,1152,1152,1152,1152,1152,1152,1152,1152,1153,1154,1154,1155,1155,1155,1162,1171,1174,1178,1179,1186,1200,1212,1217,1230,1235,1239,1243,1245
14,Canton,23,23,23,24,24,24,24,24,24,24,25,25,25,25,25,25,26,26,26,26,27,27,27,27,27,27,27,27,27,29,30,30,30,30,30,30,30,30,30,31,32,32,32,33,33,33,33,33,35,36,36,37,37,39,41,47,52,56,58,58,63,63,66,66,68,79,86,92,97,106,107,112,114,115,127,129,141,145,153,161,171,179,199,203,208,238,263,272,281,296,311,325,330,336,348,358,370,373,379,396,405,408,413,419,427,438,439,444,450,455,462,467,467,469,478,486,491,491,496,500,502,504,508,513,524,528,531,532,536,539,541,542,543,545,547,553,555,556,556,556,557,559,560,561,562,565,566,570,573,579,581,586,587,592,602,605,605,607,607,614,614,617,617,617,622,623,623,623,624,625,625,625,625,625,625,625,625,626,628,628,628,631,633,635,636,636,636,636,636,637,637,637,637,637,637,637,637,637,637,637,637,637,637,637,637,637,637,637,637,637,638,638,638,638,638,639,641,642,643,645,645,648,654,656,661,673,676,680,681,687
15,De Kalb,1,1,1,1,1,1,1,1,1,1,1,1,1,1,1,1,1,1,1,1,1,1,1,1,1,1,1,1,1,1,1,1,1,1,1,1,1,1,1,1,1,1,1,1,1,3,3,3,5,5,5,5,6,7,7,7,7,8,8,8,10,10,15,15,15,15,16,16,16,18,20,20,20,21,22,26,27,31,32,34,34,34,37,37,38,45,52,55,56,57,59,60,61,62,64,64,64,64,67,67,69,71,71,71,71,71,71,72,73,73,74,79,80,81,82,84,84,85,86,89,92,92,93,94,96,96,97,98,100,103,103,104,104,105,105,106,106,108,108,108,108,108,108,108,108,108,109,109,109,109,109,110,110,110,110,110,110,110,110,110,110,110,110,110,110,111,111,111,112,112,112,112,112,112,112,112,112,113,116,116,116,116,116,116,119,120,121,121,121,121,121,121,121,121,121,121,121,121,122,122,122,122,122,123,124,124,124,125,125,125,125,125,126,128,128,128,128,128,128,128,129,129,129,129,131,132,136,139,139,139
16,De Peyster,,,,,,,,,,,,,,,,,,,,,,,,,,,,,,,,,,,,,,,,,,,,,,2,2,2,2,2,2,2,2,2,2,2,2,3,3,3,3,3,4,4,4,5,6,9,9,12,12,12,12,12,13,13,14,14,14,16,16,17,17,18,18,18,23,23,24,26,26,28,29,29,29,29,30,30,30,30,31,31,31,33,34,36,38,38,38,38,40,40,40,40,40,40,40,40,40,40,42,42,42,42,42,42,42,42,42,42,42,42,42,42,42,42,42,42,42,43,43,43,43,43,43,43,43,44,44,45,45,47,47,47,47,47,47,47,47,47,47,47,47,47,47,47,47,47,47,47,47,47,47,47,47,47,47,47,47,47,47,47,47,47,47,48,48,48,48,49,49,49,49,49,49,49,49,49,49,49,49,49,49,49,49,49,49,49,49,49,49,49,49,49,49,49,50,50,50,50,50,50,51,51,51,51,51,51,51,52
17,Macomb,3,3,3,3,3,3,3,3,3,3,3,3,3,3,3,3,3,3,3,3,3,3,3,3,3,3,3,3,3,3,3,3,3,3,3,3,3,3,3,3,3,3,3,3,3,3,3,3,3,3,3,3,3,4,4,5,5,5,6,6,6,6,11,11,11,12,12,12,12,13,14,16,16,19,20,20,20,20,22,23,23,23,25,25,25,26,28,32,32,40,41,41,41,43,43,43,43,45,46,47,47,48,49,49,49,49,49,49,49,50,50,50,50,50,50,50,50,51,53,54,54,54,55,55,56,57,57,57,57,57,57,58,58,58,58,58,58,59,59,59,59,59,60,60,60,60,60,60,60,60,60,60,60,60,60,60,60,60,60,60,60,60,60,60,60,60,60,60,60,60,60,60,60,60,60,60,60,60,60,60,60,60,60,60,60,60,60,60,60,60,60,60,60,60,60,60,60,60,60,60,60,60,60,60,60,60,60,60,60,60,60,62,62,62,62,62,62,63,63,63,63,63,64,65,67,67,67,67,67,67
18,Gouverneur,3,3,3,3,3,3,3,3,3,3,3,3,3,3,3,3,3,3,3,3,3,3,3,3,3,3,3,3,3,3,3,3,3,3,4,5,5,5,5,6,6,6,6,7,7,7,7,8,9,12,14,17,17,17,18,22,22,37,38,39,40,42,47,47,47,51,53,56,57,58,59,62,62,63,69,71,81,85,88,114,121,127,192,195,202,211,234,237,253,258,267,275,275,291,296,323,364,368,374,381,396,402,404,405,410,427,429,433,435,439,450,461,472,473,479,488,489,497,507,535,546,556,564,571,582,586,588,591,595,601,601,601,601,601,605,605,606,606,606,608,608,608,608,608,608,608,609,609,609,609,609,609,609,609,612,612,614,616,618,619,620,620,621,623,625,626,626,627,627,630,630,631,631,631,635,636,636,637,640,642,643,643,644,645,646,646,646,646,646,646,646,646,646,647,647,647,647,647,648,648,648,648,649,649,650,650,651,652,652,652,652,652,652,655,655,656,659,659,659,659,659,660,663,667,670,671,671,677,680,684
19,Rossie,,,,,,,,,,,,,,,,,,,,,,,,,,,,,,,,,,,,,,,,,,,,,,,,,,,,,,,,,,,,,,,,,,2,2,2,2,3,3,4,4,4,4,4,4,4,4,6,6,6,10,10,11,11,12,13,14,14,14,14,14,14,14,17,17,17,17,19,19,19,20,20,20,20,20,21,22,22,22,22,23,23,24,25,25,25,26,27,27,27,28,28,28,28,28,28,28,28,28,28,28,28,28,28,28,28,28,29,29,29,29,29,29,29,29,29,29,29,29,29,29,29,29,29,29,29,29,29,29,29,29,29,29,29,29,29,29,29,29,29,29,29,29,29,29,29,29,29,29,29,29,29,30,30,30,30,30,30,30,30,30,30,30,30,31,31,31,31,31,31,31,31,31,31,31,31,31,31,31,31,31,31,31,31,31,31,31,31,31,31,31,31,31,31,31,31,31,31
20,Fowler,9,9,9,9,9,9,9,9,9,9,9,9,9,9,9,9,9,9,9,9,9,9,9,9,9,9,9,9,9,9,9,9,9,9,9,9,9,9,9,9,9,9,9,9,9,9,9,9,9,10,10,10,10,10,10,11,11,14,14,14,14,14,14,14,14,20,20,21,21,23,23,25,25,26,30,38,42,45,49,55,58,58,68,70,75,80,83,85,85,87,87,89,90,92,97,97,100,101,103,106,109,110,112,113,115,118,118,121,122,123,126,132,133,134,135,141,142,144,148,153,159,159,160,160,160,161,161,161,161,161,161,161,162,162,162,162,162,166,166,166,167,167,168,168,169,169,169,169,169,169,169,169,169,169,169,169,169,169,169,169,169,169,169,169,169,170,170,170,170,170,170,172,172,172,172,172,172,172,172,175,177,177,179,180,181,181,181,181,181,181,181,181,181,181,182,184,184,184,184,184,184,184,184,184,184,184,184,184,184,184,184,184,185,186,186,186,186,186,186,186,187,187,187,187,190,190,191,192,194,195
21,Hermon,2,2,2,2,2,2,2,2,2,2,2,2,2,2,2,2,2,2,2,2,2,2,2,2,2,2,2,2,2,2,2,2,2,2,2,2,2,3,3,3,3,3,3,4,4,4,5,5,5,5,5,5,5,5,5,5,6,6,6,6,6,6,6,6,6,7,7,8,8,9,9,9,11,11,12,14,15,17,18,18,18,18,19,21,21,23,28,30,30,31,33,34,35,36,37,37,42,42,43,44,45,47,47,47,47,49,49,49,49,49,50,52,52,52,52,52,53,53,53,53,54,54,54,54,54,55,56,56,56,59,59,59,60,60,61,61,61,62,62,62,62,62,62,62,62,62,62,62,62,62,62,62,62,62,64,64,64,64,64,64,64,64,64,64,64,64,64,64,64,64,64,64,64,64,64,64,64,64,66,66,66,69,69,69,69,69,69,69,69,71,71,71,71,71,71,71,71,71,72,72,72,72,72,72,72,72,72,72,72,72,72,72,72,72,72,72,72,72,72,72,73,74,74,75,77,78,78,78,79,79
22,Edwards,,,,,,,,,,,,,,,,,,,,,,,,,,,,,,,1,1,1,1,1,1,1,1,1,1,1,1,1,1,1,1,1,1,1,2,2,2,2,2,2,2,2,2,2,2,2,2,3,3,3,4,5,5,5,5,10,10,11,12,14,14,14,14,14,15,15,15,17,17,17,19,21,22,22,23,25,26,27,30,31,32,36,36,36,38,38,38,39,39,42,43,43,43,44,44,45,46,47,47,48,49,49,52,52,54,55,55,55,55,56,56,56,56,56,58,60,60,60,60,62,62,62,63,63,63,63,63,63,63,63,64,64,64,64,64,64,64,64,64,64,64,64,64,64,65,66,66,66,66,66,66,66,66,66,66,66,66,66,66,66,66,66,66,66,66,66,66,66,66,66,66,66,66,66,66,66,66,66,66,66,66,66,66,68,68,68,68,68,68,68,69,69,70,70,70,70,70,70,71,71,71,71,71,71,72,72,72,72,72,72,73,73,73,73,73
23,Pitcairn,,,1,1,1,1,1,1,1,1,1,1,1,1,1,1,1,1,1,1,1,1,1,1,1,1,1,1,1,1,1,1,1,1,1,1,1,1,1,1,1,1,1,2,2,2,2,2,2,2,2,2,2,2,2,2,2,2,2,2,2,2,3,3,3,3,3,3,3,3,3,3,5,5,6,8,10,10,10,10,10,10,11,11,11,12,17,17,17,17,17,18,18,19,20,20,22,22,22,22,22,22,23,23,23,26,26,26,26,26,28,31,31,32,32,32,33,35,37,39,41,41,42,43,43,44,45,46,46,47,47,47,47,47,47,47,47,47,47,47,47,47,47,47,47,47,47,47,47,47,47,47,47,47,47,47,47,47,47,47,47,47,47,47,47,47,47,47,47,47,47,47,47,47,47,47,47,47,47,47,47,47,47,47,47,47,47,47,47,47,47,47,47,47,47,47,47,47,47,47,47,47,47,48,48,48,48,48,48,48,48,48,48,48,48,48,48,48,48,48,48,48,48,51,51,52,53,53,53,53
24,Russell,2,2,2,2,2,2,2,2,2,2,2,2,2,2,2,2,2,2,2,2,2,2,2,2,2,2,2,2,2,2,2,2,3,4,4,4,4,5,5,5,5,5,5,5,5,5,5,5,5,5,5,5,5,5,6,7,7,8,8,9,9,9,10,10,11,14,14,15,15,16,16,16,16,17,20,22,28,30,35,43,43,44,47,49,51,59,69,71,71,75,77,87,87,90,93,96,104,104,104,109,113,117,118,119,124,127,128,128,129,130,133,133,133,133,134,135,137,137,137,138,138,138,138,139,139,140,140,140,140,140,140,140,140,141,141,141,141,142,142,142,142,142,142,142,142,142,142,142,142,142,142,142,142,142,142,142,142,142,142,142,142,142,142,142,142,142,142,142,142,142,142,142,142,142,142,142,142,142,142,142,142,142,142,142,143,143,143,143,143,143,143,143,143,143,143,144,144,144,146,147,147,147,147,147,147,147,147,147,147,149,149,149,149,150,150,150,150,150,150,150,150,151,152,152,152,152,152,152,152,152
25,Fine,,,,,,,,,,,,,,,,,,,,,,,,,,,,,,,,,,,,,,,,,,,,,,,,,,,,,,1,1,2,2,2,2,2,2,2,2,2,2,2,2,2,2,4,4,4,4,5,5,5,8,9,12,17,17,18,22,22,26,26,30,32,32,33,35,36,36,37,37,38,39,39,40,40,41,41,41,42,42,42,42,42,42,42,42,43,44,44,44,48,49,50,50,50,50,50,53,53,53,53,53,53,53,53,54,55,57,58,59,59,59,60,60,60,60,60,60,60,60,60,60,60,60,60,60,60,60,60,60,60,60,61,61,61,62,63,63,63,63,63,63,64,64,65,65,65,65,65,66,66,66,69,69,71,74,77,77,77,77,77,77,77,78,78,78,78,78,78,78,78,78,78,78,78,78,78,78,78,78,78,78,78,78,78,78,78,78,78,78,78,78,78,78,78,78,78,78,78,78,78,78,78,78,78
26,Pierrepont,11,12,12,12,12,12,12,12,12,12,12,12,12,12,12,12,12,12,12,12,12,12,12,12,12,12,12,12,12,12,12,12,12,12,12,12,12,12,12,13,13,13,13,13,13,13,13,13,13,13,13,13,13,13,13,14,14,14,14,14,14,15,15,15,17,19,25,26,26,27,27,27,30,30,37,37,37,38,39,42,44,45,50,50,52,56,60,61,64,68,70,77,77,81,83,88,95,96,99,100,103,103,104,106,109,108,109,109,111,113,114,116,116,116,117,118,118,119,119,123,127,127,128,128,128,129,129,130,130,130,130,130,130,130,131,131,131,131,131,131,131,131,131,131,131,131,132,132,132,132,132,132,132,132,133,134,134,135,135,137,137,137,137,137,138,139,139,139,139,139,139,139,139,139,139,139,139,139,139,139,139,139,139,139,139,139,139,139,139,140,140,140,140,140,140,141,141,141,142,142,142,143,143,143,143,143,143,143,143,143,143,143,143,143,143,143,143,146,149,151,153,154,156,166,171,171,172,172,172,173
27,Clare,,,,,,,,,,,,,,,,1,,,,,,,,,,,,,,,,,,,,,,,,,,,,,,,,,,,,,,,,,,,,,,,,,,4,4,4,4,4,4,4,4,4,4,4,4,4,4,4,5,7,7,7,7,7,7,7,7,7,7,7,8,8,8,8,8,8,8,9,9,9,9,9,9,9,9,9,9,9,9,10,10,10,10,10,10,10,10,10,10,10,10,10,10,10,10,10,10,10,10,10,10,10,10,10,10,10,10,10,10,10,10,10,10,10,10,10,10,10,10,10,10,10,10,10,10,10,10,10,10,10,10,10,10,10,10,10,10,10,10,10,10,10,10,10,10,10,10,10,10,10,10,10,10,10,10,10,10,10,10,10,10,10,10,10,10,10,10,10,10,10,10,10,10,10,10,10,10,10,10,10,10,10,10,10,10,10,10,10,10,10,10,10,10,11,11,11,11,11
28,Clifton,,,,,,,,,,,,,,,,,,,,,,,,,,,,,,,,,,,,,,,,,,,,,,,,,,,,,,,,,,,,,,,,,,1,1,1,2,2,2,2,2,2,3,4,4,5,5,5,5,5,5,5,7,7,8,10,10,11,13,15,15,15,15,15,15,15,15,16,18,18,18,18,18,19,20,20,20,20,20,20,20,20,20,20,20,20,21,21,21,21,21,23,23,23,23,23,23,23,23,23,23,24,25,25,25,25,25,25,25,25,25,25,25,25,25,25,25,25,25,25,25,26,26,26,26,26,26,26,26,27,27,27,27,27,27,27,27,28,28,28,28,28,28,28,28,28,29,29,29,29,29,29,29,29,29,29,30,30,31,32,32,32,32,32,32,32,32,32,32,32,32,32,32,32,32,32,32,32,32,32,32,32,33,33,33,33,33,33,33,33,33,33,33,33,33,33,33,34
29,Parishville,1,1,1,1,1,1,1,1,1,1,1,1,1,1,1,1,1,1,1,1,1,1,1,1,1,1,1,1,1,1,1,1,1,1,1,1,1,1,1,1,1,1,1,1,1,1,1,1,1,1,1,1,2,2,2,3,3,3,3,4,4,6,6,7,7,7,7,7,7,9,10,10,10,10,10,10,10,10,11,14,16,16,19,19,19,20,29,30,34,37,38,38,38,44,46,47,58,60,60,63,65,65,71,72,72,74,76,76,78,79,79,81,81,81,81,82,82,82,82,83,84,86,87,88,92,92,92,93,96,102,103,103,103,103,103,103,103,103,103,103,103,103,103,103,103,104,105,105,105,106,107,107,107,108,111,111,111,111,113,118,119,121,121,121,121,121,122,122,123,123,123,123,123,123,124,124,124,124,124,124,124,124,125,125,130,130,130,130,130,130,130,130,130,130,130,130,130,130,130,130,130,130,130,130,130,130,130,130,130,130,130,130,130,130,131,131,131,132,132,132,132,134,135,135,138,139,140,141,141,143
30,Colton,4,4,4,4,4,4,4,4,4,4,4,4,4,4,4,4,4,4,4,4,4,4,4,4,4,4,4,4,4,4,4,4,4,4,4,4,4,4,6,6,6,6,6,6,6,6,6,6,7,7,7,7,7,7,7,7,7,7,7,7,7,7,7,7,7,9,10,10,10,14,15,16,16,16,17,17,19,20,21,24,24,25,28,28,29,30,34,36,36,37,38,49,50,52,55,55,64,66,69,72,80,81,81,83,88,90,91,91,92,92,93,97,97,99,99,100,100,100,100,101,102,103,104,105,106,106,106,106,106,106,106,106,106,106,106,106,106,106,106,106,106,106,106,106,106,106,106,106,106,106,106,106,106,107,107,107,107,107,107,108,109,110,111,111,111,111,111,111,111,111,111,111,111,112,112,112,113,113,113,113,113,113,113,113,113,113,113,113,113,113,113,113,113,113,113,113,113,113,113,113,113,113,113,113,113,113,113,113,113,113,113,113,113,113,115,116,117,119,119,119,119,120,120,121,123,124,125,126,127,132
31,Lawrence,4,4,4,4,4,4,4,4,4,4,4,4,4,4,4,4,4,5,5,5,5,5,5,5,5,5,5,5,5,5,5,5,5,5,5,5,5,5,5,5,5,5,5,5,5,5,5,5,7,7,7,7,8,8,8,9,10,12,13,15,15,16,18,18,20,22,23,23,23,30,30,30,30,31,33,33,35,35,35,36,36,35,36,36,38,40,41,41,41,41,44,45,45,46,49,50,56,56,58,58,64,64,66,68,68,70,70,70,70,70,74,74,75,77,78,82,82,83,83,84,84,84,84,84,86,87,87,87,87,87,87,87,87,87,87,88,88,88,88,88,88,88,88,88,88,88,88,88,88,88,88,88,88,88,88,88,88,88,88,88,89,89,90,90,93,93,93,94,94,94,94,94,94,94,94,94,94,95,95,95,95,95,95,95,95,95,95,95,95,95,95,95,95,95,95,95,95,95,95,95,95,95,95,95,95,95,95,95,95,95,96,96,96,96,96,96,96,97,97,97,97,97,98,100,100,108,109,111,111,114
32,Hopkinton,1,1,1,1,1,1,1,1,1,1,1,1,1,1,1,1,2,2,2,2,2,2,2,2,2,2,2,2,2,2,2,2,2,2,2,2,2,2,2,2,2,2,2,2,2,2,2,2,2,2,2,2,2,2,3,4,4,8,8,8,8,8,9,9,9,10,10,10,10,10,10,10,10,10,10,13,14,14,15,19,19,21,21,22,22,23,26,26,26,26,28,27,27,28,31,32,34,34,36,38,38,39,39,39,43,46,46,48,48,48,49,50,50,50,50,51,52,52,52,52,52,52,54,54,55,55,55,55,55,55,55,55,55,55,55,55,55,55,55,55,55,55,55,55,55,55,55,55,55,56,56,56,56,56,56,56,56,56,56,57,58,60,60,60,61,61,64,64,66,67,67,67,67,67,68,68,68,69,69,69,69,69,70,70,70,70,70,70,70,70,70,70,70,70,70,70,70,70,70,70,70,70,70,70,70,70,70,70,70,70,70,70,70,70,70,70,70,70,73,76,78,81,81,81,81,83,84,84,85,85
33,Piercefield,,,,,,,,,,,,,,,,,,,,,,,,,,,,,,,,,,,,,,,,,,,,,,,,,,,,,,1,1,2,2,2,2,2,2,2,2,2,2,2,2,2,2,2,2,2,2,4,6,6,6,6,6,6,6,6,7,7,7,7,7,7,7,7,8,7,7,8,8,8,8,8,8,8,8,8,8,8,8,8,8,8,9,9,9,10,10,10,10,10,10,10,10,10,10,10,10,10,10,10,10,10,10,10,10,10,10,10,10,10,10,10,10,10,10,10,10,10,10,10,10,10,10,10,10,10,10,10,10,10,10,10,10,10,10,10,10,10,10,10,10,10,10,10,10,10,10,10,10,10,10,10,10,10,10,10,10,10,10,10,10,10,10,10,10,10,10,10,10,10,10,10,10,10,10,10,10,10,10,10,10,10,10,10,10,10,10,10,10,10,10,10,10,10,10,10,10,10,10,10,10,10,11,11
,St. Lawrence County,257,258,259,260,261,261,261,262,264,265,267,272,274,284,288,292,296,300,301,301,305,307,311,314,314,316,317,319,319,322,325,326,330,331,334,336,341,344,346,360,365,370,373,389,389,394,398,404,424,434,440,451,462,502,510,549,563,619,629,648,673,688,754,761,794,953,1008,1091,1113,1212,1240,1270,1335,1375,1462,1503,1578,1626,1675,1814,1862,1936,2144,2191,2270,2423,2685,2763,2837,2985,3067,3297,3358,3428,3533,3651,3944,4015,4122,4245,4449,4513,4574,4641,4696,4864,4904,4947,5000,5054,5177,5241,5304,5348,5423,5593,5662,5725,5782,5889,5939,5975,6061,6103,6203,6242,6274,6296,6333,6393,6407,6420,6432,6451,6471,6488,6496,6507,6511,6529,6534,6545,6557,6572,6604,6617,6630,6649,6678,6734,6754,6790,6801,6846,6897,6913,6933,6957,6982,7022,7047,7068,7086,7093,7123,7136,7150,7165,7184,7208,7219,7229,7237,7243,7277,7291,7307,7321,7340,7365,7376,7393,7409,7416,7456,7465,7470,7476,7481,7489,7494,7495,7497,7500,7503,7508,7511,7512,7523,7524,7525,7527,7529,7533,7537,7538,7539,7543,7546,7549,7552,7557,7559,7570,7576,7580,7601,7626,7643,7665,7689,7750,7826,7946,8047,8160,8212,8257,8307,8362
,Total Check,,,259,260,261,261,261,262,264,265,267,272,274,284,288,292,296,300,301,301,305,307,311,314,314,316,317,319,319,322,325,326,330,331,334,336,341,344,346,360,365,370,373,387,387,394,398,404,424,434,440,451,462,502,510,549,563,619,629,648,673,688,753,761,794,953,1008,1091,1113,1211,1239,1267,1332,1372,1454,1494,1567,1610,1660,1786,1831,1898,2094,2191,2270,2423,2685,2762,2837,2985,3067,3297,3358,3428,3533,3651,3944,4015,4122,4245,4449,4513,4574,4641,4696,4864,4904,4947,5000,5054,5177,5241,5304,5348,5423,5593,5662,5725,5782,5889,5939,5975,6061,6103,6203,6242,6274,6296,6333,6393,6407,6420,6432,6451,6471,6488,6496,6507,6511,6529,6534,6545,6557,6572,6604,6617,6630,6649,6678,6734,6754,6790,6801,6846,6897,6913,6933,6957,6982,7022,7047,7068,7086,7093,7123,7136,7150,7165,7184,7208,7219,7229,7237,7243,7277,7291,7307,7321,7340,7365,7376,7393,7409,7416,7456,7465,7470,7476,7481,7489,7494,7495,7497,7500,7503,7508,7511,7512,7523,7524,7525,7527,7529,7533,7537,7538,7539,7543,7546,7549,7552,7557,7559,7570,7576,7580,7601,7626,7643,7665,7689,7750,7826,7946,8047,8160,8212,8257,8307,8362
Notes,No address,,,,,,,,,,,,,,,,,,,,,,,,,,,,,,,,,,,,,,,,,,,,,,,,,,,,,,,,,,,,,,,"matches map, not total",,,,,,,matches map,matches map,matches map,matches map,matches map,matches map,matches map,matches map,matches map,matches map,matches map,,,50,52,55,60,85,89,91,131,117,174,194,100,98,76,79,79,92,88,100,103,107,114,82,83,85,90,93,98,106,75,82,86,95,114,115,117,91,96,94,96,97,93,95,95,97,98,100,98,98,98,99,100,93,94,96,95,95,96,94,94,96,96,96,95,95,96,104,109,103,105,106,109,102,103,106,104,105,107,107,105,105,107,107,107,107,107,107,108,107,107,106,106,106,106,109,109,110,111,111,110,114,114,117,117,117,117,118,108,109,108,108,108,108,108,108,109,109,109,109,108,108,108,108,108,108,108,108,108,108,108,108,108,108,108,110,112,112,112,112,122,120,125,122,120,122,124,128,124
New case Rolling average,,,,,,,,,,,,,,,2.555555556,3.25,3.5,3.875,4.125,3.625,3.375,2.1,2.714285714,2.714285714,2.571428571,2,2.142857143,2.285714286,2,1.714285714,1.571428571,1.222222222,1.333333333,1.166666667,1.166666667,1.25,1.888888889,1.583333333,1.9,2,2.5,3.090909091,4,4.625,4.8,5.625,6,5.428571429,5.571428571,7.714285714,8.714285714,7.285714286,8.857142857,9.714285714,14.85714286,15.14285714,19.5,14,18.66666667,10,19,25,15,22,7,33,31.8,27.5,,,33,,,,,,,,,,,,,,,,,,,,,,,,,,,,,,,,,,,,,,,,,,,,,,,,,,,,,,,,,,,,,,,,,,,,,,,,,,,,,,,,,,,,,,,,,,,,,,,,,,,,,,,,,,,,,,,,,,,,,,,,,,,,,,,,,,,,,,,,,,,,,,,,,,,,,,,,,,,,,,,,
Number of days included in average,,,,,,,,,,,,,,,9,8,8,8,8,8,8,10,7,7,7,7,7,7,7,7,7,9,9,12,12,12,9,12,10,10,12,11,9,8,10,8,8,7,7,7,7,7,7,7,7,7,2,1,3,1,1,1,1,3,1,1,5,,,,,,,,,,,,,,,,,,,,,,,,,,,,,,,,,,,,,,,,,,,,,,,,,,,,,,,,,,,,,,,,,,,,,,,,,,,,,,,,,,,,,,,,,,,,,,,,,,,,,,,,,,,,,,,,,,,,,,,,,,,,,,,,,,,,,,,,,,,,,,,,,,,,,,,,,,,,,,,,,,,,
